id;ma;ten;cap;ma_dia_ban_cha
1;hard drive Incredible payment;Quetzal Unbranded Granite Pizza panel;payment monitor;holistic
2;sky blue;Swiss Franc Republic of Korea generate;Specialist violet Hawaii;Mauritius Rupee
3;PCI Bangladesh Outdoors;multimedia;out-of-the-box content-based;programming
4;Keyboard;synergies Response;grey;quantifying
5;synergies;Alaska Home Loan Account haptic;SMTP multi-byte;SQL silver
6;SSL;Peso Uruguayo Uruguay Peso en Unidades Indexadas cross-platform;Sweden paradigms;Auto Loan Account Borders
7;Creative invoice;holistic purple;Cambridgeshire;Grocery Handcrafted
8;Accountability Customer;Liberian Dollar;bandwidth;Interactions
9;Dominican Republic;Buckinghamshire;Beauty;enhance Gorgeous Soft Salad Missouri
10;communities Moldovan Leu;Chair India;HDD;Borders invoice Wooden
